well_id,source,cluster_id,orig_clust
152.0,Berlin,0,2.0
328.0,Berlin,0,2.0
343.0,Berlin,0,2.0
344.0,Berlin,0,2.0
345.0,Berlin,0,2.0
440.0,Berlin,0,2.0
510.0,Berlin,0,2.0
513.0,Berlin,0,2.0
516.0,Berlin,0,2.0
518.0,Berlin,0,2.0
520.0,Berlin,0,2.0
522.0,Berlin,0,2.0
731.0,Berlin,0,2.0
3024.0,Berlin,0,2.0
3025.0,Berlin,0,2.0
3033.0,Berlin,0,2.0
3137.0,Berlin,0,2.0
3144.0,Berlin,0,2.0
3154.0,Berlin,0,2.0
3315.0,Berlin,0,2.0
3316.0,Berlin,0,2.0
4003.0,Berlin,0,2.0
4005.0,Berlin,0,2.0
4006.0,Berlin,0,2.0
4008.0,Berlin,0,2.0
4013.0,Berlin,0,2.0
4015.0,Berlin,0,2.0
4059.0,Berlin,0,2.0
4061.0,Berlin,0,2.0
4105.0,Berlin,0,2.0
4460.0,Berlin,0,2.0
4519.0,Berlin,0,2.0
4521.0,Berlin,0,2.0
4612.0,Berlin,0,2.0
4631.0,Berlin,0,2.0
4632.0,Berlin,0,2.0
4640.0,Berlin,0,2.0
4641.0,Berlin,0,2.0
4643.0,Berlin,0,2.0
4653.0,Berlin,0,2.0
4788.0,Berlin,0,2.0
4799.0,Berlin,0,2.0
4800.0,Berlin,0,2.0
4846.0,Berlin,0,2.0
4851.0,Berlin,0,2.0
4874.0,Berlin,0,2.0
4885.0,Berlin,0,2.0
7054.0,Berlin,0,2.0
7214.0,Berlin,0,2.0
7219.0,Berlin,0,2.0
7228.0,Berlin,0,2.0
7237.0,Berlin,0,2.0
7240.0,Berlin,0,2.0
7248.0,Berlin,0,2.0
7250.0,Berlin,0,2.0
7255.0,Berlin,0,2.0
7264.0,Berlin,0,2.0
7269.0,Berlin,0,2.0
7286.0,Berlin,0,2.0
10414.0,Berlin,0,2.0
10417.0,Berlin,0,2.0
15176.0,Berlin,0,2.0
15178.0,Berlin,0,2.0
15179.0,Berlin,0,2.0
15192.0,Berlin,0,2.0
93143.0,Berlin,0,2.0
33427123,Brandenburg,0,2.0
33427125,Brandenburg,0,2.0
33427180,Brandenburg,0,2.0
33427310,Brandenburg,0,2.0
33427520,Brandenburg,0,2.0
33437057,Brandenburg,0,2.0
33437071,Brandenburg,0,2.0
33437090,Brandenburg,0,2.0
33437091,Brandenburg,0,2.0
33437106,Brandenburg,0,2.0
33437130,Brandenburg,0,2.0
33437200,Brandenburg,0,2.0
33437220,Brandenburg,0,2.0
33442420,Brandenburg,0,2.0
33442430,Brandenburg,0,2.0
33442484,Brandenburg,0,2.0
33442498,Brandenburg,0,2.0
33447102,Brandenburg,0,2.0
33452450,Brandenburg,0,2.0
33452451,Brandenburg,0,2.0
33452454,Brandenburg,0,2.0
33455008,Brandenburg,0,2.0
33455011,Brandenburg,0,2.0
34416018,Brandenburg,0,2.0
34416123,Brandenburg,0,2.0
34416125,Brandenburg,0,2.0
34417503,Brandenburg,0,2.0
34426005,Brandenburg,0,2.0
34426013,Brandenburg,0,2.0
34426014,Brandenburg,0,2.0
34426015,Brandenburg,0,2.0
34426022,Brandenburg,0,2.0
34426024,Brandenburg,0,2.0
34426025,Brandenburg,0,2.0
34426100,Brandenburg,0,2.0
34426101,Brandenburg,0,2.0
34426110,Brandenburg,0,2.0
34427104,Brandenburg,0,2.0
34427480,Brandenburg,0,2.0
34427481,Brandenburg,0,2.0
34437055,Brandenburg,0,2.0
34437100,Brandenburg,0,2.0
34442481,Brandenburg,0,2.0
34447010,Brandenburg,0,2.0
34447012,Brandenburg,0,2.0
34447013,Brandenburg,0,2.0
34447060,Brandenburg,0,2.0
34447061,Brandenburg,0,2.0
34447063,Brandenburg,0,2.0
34447100,Brandenburg,0,2.0
35422520,Brandenburg,0,2.0
35422521,Brandenburg,0,2.0
35422710,Brandenburg,0,2.0
35426050,Brandenburg,0,2.0
35426140,Brandenburg,0,2.0
35432345,Brandenburg,0,2.0
35432347,Brandenburg,0,2.0
35432400,Brandenburg,0,2.0
35432435,Brandenburg,0,2.0
35432575,Brandenburg,0,2.0
35432590,Brandenburg,0,2.0
35442124,Brandenburg,0,2.0
35442150,Brandenburg,0,2.0
35442151,Brandenburg,0,2.0
35442200,Brandenburg,0,2.0
35442203,Brandenburg,0,2.0
35442240,Brandenburg,0,2.0
35442250,Brandenburg,0,2.0
35442254,Brandenburg,0,2.0
35442309,Brandenburg,0,2.0
35442310,Brandenburg,0,2.0
35442314,Brandenburg,0,2.0
35442315,Brandenburg,0,2.0
35442336,Brandenburg,0,2.0
36422930,Brandenburg,0,2.0
36422957,Brandenburg,0,2.0
36432263,Brandenburg,0,2.0
36432264,Brandenburg,0,2.0
36432266,Brandenburg,0,2.0
36432280,Brandenburg,0,2.0
36432281,Brandenburg,0,2.0
36432300,Brandenburg,0,2.0
36441860,Brandenburg,0,2.0
36441861,Brandenburg,0,2.0
36441862,Brandenburg,0,2.0
36441863,Brandenburg,0,2.0
36441897,Brandenburg,0,2.0
36441950,Brandenburg,0,2.0
36441951,Brandenburg,0,2.0
36441968,Brandenburg,0,2.0
36441970,Brandenburg,0,2.0
36441971,Brandenburg,0,2.0
36441972,Brandenburg,0,2.0
36441976,Brandenburg,0,2.0
36441981,Brandenburg,0,2.0
36441987,Brandenburg,0,2.0
36441988,Brandenburg,0,2.0
36441989,Brandenburg,0,2.0
36441990,Brandenburg,0,2.0
36442206,Brandenburg,0,2.0
36442210,Brandenburg,0,2.0
36451957,Brandenburg,0,2.0
6743.0,Berlin,1,2.0
15161.0,Berlin,1,2.0
15163.0,Berlin,1,2.0
15180.0,Berlin,1,2.0
36471134,Brandenburg,1,2.0
36471402,Brandenburg,1,2.0
36471629,Brandenburg,1,2.0
36475116,Brandenburg,1,2.0
36480290,Brandenburg,1,2.0
36480941,Brandenburg,1,2.0
36481586,Brandenburg,1,2.0
36485178,Brandenburg,1,2.0
36485179,Brandenburg,1,2.0
36491640,Brandenburg,1,2.0
37465064,Brandenburg,1,2.0
37465070,Brandenburg,1,2.0
37471002,Brandenburg,1,2.0
37471642,Brandenburg,1,2.0
37471699,Brandenburg,1,2.0
37471707,Brandenburg,1,2.0
37471708,Brandenburg,1,2.0
37475123,Brandenburg,1,2.0
37475124,Brandenburg,1,2.0
37480996,Brandenburg,1,2.0
37480997,Brandenburg,1,2.0
37481772,Brandenburg,1,2.0
37485035,Brandenburg,1,2.0
37485037,Brandenburg,1,2.0
37490241,Brandenburg,1,2.0
37490276,Brandenburg,1,2.0
37501761,Brandenburg,1,2.0
37501762,Brandenburg,1,2.0
37501764,Brandenburg,1,2.0
37501769,Brandenburg,1,2.0
37505011,Brandenburg,1,2.0
38460575,Brandenburg,1,2.0
38461266,Brandenburg,1,2.0
38461267,Brandenburg,1,2.0
38461741,Brandenburg,1,2.0
38465203,Brandenburg,1,2.0
38465204,Brandenburg,1,2.0
38465205,Brandenburg,1,2.0
38465206,Brandenburg,1,2.0
38470301,Brandenburg,1,2.0
38470302,Brandenburg,1,2.0
38470312,Brandenburg,1,2.0
38470313,Brandenburg,1,2.0
38470840,Brandenburg,1,2.0
38471052,Brandenburg,1,2.0
38471711,Brandenburg,1,2.0
38480325,Brandenburg,1,2.0
38485036,Brandenburg,1,2.0
38490947,Brandenburg,1,2.0
38491759,Brandenburg,1,2.0
39461210,Brandenburg,1,2.0
39461262,Brandenburg,1,2.0
39471202,Brandenburg,1,2.0
39471203,Brandenburg,1,2.0
39471204,Brandenburg,1,2.0
39471208,Brandenburg,1,2.0
35522580,Brandenburg,2,2.0
35522594,Brandenburg,2,2.0
36510539,Brandenburg,2,2.0
36511686,Brandenburg,2,2.0
36515157,Brandenburg,2,2.0
36521678,Brandenburg,2,2.0
36522652,Brandenburg,2,2.0
36532655,Brandenburg,2,2.0
36532660,Brandenburg,2,2.0
36532662,Brandenburg,2,2.0
36532663,Brandenburg,2,2.0
36532664,Brandenburg,2,2.0
36532667,Brandenburg,2,2.0
36532674,Brandenburg,2,2.0
36532677,Brandenburg,2,2.0
36532681,Brandenburg,2,2.0
36532682,Brandenburg,2,2.0
36532684,Brandenburg,2,2.0
36532685,Brandenburg,2,2.0
36532699,Brandenburg,2,2.0
37511766,Brandenburg,2,2.0
37520179,Brandenburg,2,2.0
37520272,Brandenburg,2,2.0
37520273,Brandenburg,2,2.0
37520274,Brandenburg,2,2.0
37526002,Brandenburg,2,2.0
37529003,Brandenburg,2,2.0
37529010,Brandenburg,2,2.0
37529019,Brandenburg,2,2.0
37529023,Brandenburg,2,2.0
37529025,Brandenburg,2,2.0
37530165,Brandenburg,2,2.0
37530181,Brandenburg,2,2.0
37530262,Brandenburg,2,2.0
37530420,Brandenburg,2,2.0
37532731,Brandenburg,2,2.0
37532733,Brandenburg,2,2.0
37532735,Brandenburg,2,2.0
37532740,Brandenburg,2,2.0
37539029,Brandenburg,2,2.0
37539033,Brandenburg,2,2.0
37539034,Brandenburg,2,2.0
37539047,Brandenburg,2,2.0
37539048,Brandenburg,2,2.0
37539423,Brandenburg,2,2.0
37539424,Brandenburg,2,2.0
37539427,Brandenburg,2,2.0
37539430,Brandenburg,2,2.0
37539447,Brandenburg,2,2.0
37539448,Brandenburg,2,2.0
37539449,Brandenburg,2,2.0
37539451,Brandenburg,2,2.0
37540417,Brandenburg,2,2.0
38522800,Brandenburg,2,2.0
38525106,Brandenburg,2,2.0
38525107,Brandenburg,2,2.0
38530421,Brandenburg,2,2.0
38532820,Brandenburg,2,2.0
38532823,Brandenburg,2,2.0
38532834,Brandenburg,2,2.0
38532835,Brandenburg,2,2.0
38532836,Brandenburg,2,2.0
38532837,Brandenburg,2,2.0
38532839,Brandenburg,2,2.0
38535103,Brandenburg,2,2.0
38539084,Brandenburg,2,2.0
38539089,Brandenburg,2,2.0
38539090,Brandenburg,2,2.0
38539092,Brandenburg,2,2.0
38540249,Brandenburg,2,2.0
38549040,Brandenburg,2,2.0
39530277,Brandenburg,2,2.0
39532923,Brandenburg,2,2.0
39539079,Brandenburg,2,2.0
39540250,Brandenburg,2,2.0
39549064,Brandenburg,2,2.0
39549065,Brandenburg,2,2.0
39549066,Brandenburg,2,2.0
39549076,Brandenburg,2,2.0
39549077,Brandenburg,2,2.0
36441935,Brandenburg,3,2.0
36441936,Brandenburg,3,2.0
36441946,Brandenburg,3,2.0
36451340,Brandenburg,3,2.0
36451341,Brandenburg,3,2.0
36451342,Brandenburg,3,2.0
36451355,Brandenburg,3,2.0
36451921,Brandenburg,3,2.0
36451938,Brandenburg,3,2.0
36451939,Brandenburg,3,2.0
37421572,Brandenburg,3,2.0
37422820,Brandenburg,3,2.0
37423400,Brandenburg,3,2.0
37431579,Brandenburg,3,2.0
37431606,Brandenburg,3,2.0
37431608,Brandenburg,3,2.0
37431611,Brandenburg,3,2.0
37431614,Brandenburg,3,2.0
37431615,Brandenburg,3,2.0
37431620,Brandenburg,3,2.0
37431651,Brandenburg,3,2.0
37441682,Brandenburg,3,2.0
37441690,Brandenburg,3,2.0
37441817,Brandenburg,3,2.0
37441837,Brandenburg,3,2.0
37441838,Brandenburg,3,2.0
37441840,Brandenburg,3,2.0
37441853,Brandenburg,3,2.0
37441878,Brandenburg,3,2.0
37441880,Brandenburg,3,2.0
37441882,Brandenburg,3,2.0
37451300,Brandenburg,3,2.0
37451320,Brandenburg,3,2.0
37451330,Brandenburg,3,2.0
37451332,Brandenburg,3,2.0
37451344,Brandenburg,3,2.0
37451400,Brandenburg,3,2.0
37451900,Brandenburg,3,2.0
37451901,Brandenburg,3,2.0
37451902,Brandenburg,3,2.0
37451906,Brandenburg,3,2.0
38421580,Brandenburg,3,2.0
38421581,Brandenburg,3,2.0
38421590,Brandenburg,3,2.0
38421591,Brandenburg,3,2.0
38421592,Brandenburg,3,2.0
38421593,Brandenburg,3,2.0
38431483,Brandenburg,3,2.0
38431487,Brandenburg,3,2.0
38431488,Brandenburg,3,2.0
38431490,Brandenburg,3,2.0
38431515,Brandenburg,3,2.0
38431530,Brandenburg,3,2.0
38431536,Brandenburg,3,2.0
38431551,Brandenburg,3,2.0
38431560,Brandenburg,3,2.0
38431570,Brandenburg,3,2.0
38431580,Brandenburg,3,2.0
38431585,Brandenburg,3,2.0
38441700,Brandenburg,3,2.0
38441701,Brandenburg,3,2.0
38441704,Brandenburg,3,2.0
38441717,Brandenburg,3,2.0
38441727,Brandenburg,3,2.0
38441730,Brandenburg,3,2.0
38441747,Brandenburg,3,2.0
38441748,Brandenburg,3,2.0
38441749,Brandenburg,3,2.0
38441750,Brandenburg,3,2.0
38441774,Brandenburg,3,2.0
38441781,Brandenburg,3,2.0
38441782,Brandenburg,3,2.0
38441783,Brandenburg,3,2.0
38441785,Brandenburg,3,2.0
38451191,Brandenburg,3,2.0
38451286,Brandenburg,3,2.0
38451306,Brandenburg,3,2.0
38451315,Brandenburg,3,2.0
38451325,Brandenburg,3,2.0
38451375,Brandenburg,3,2.0
38451384,Brandenburg,3,2.0
38451389,Brandenburg,3,2.0
38451395,Brandenburg,3,2.0
38460579,Brandenburg,3,2.0
38465201,Brandenburg,3,2.0
39431424,Brandenburg,3,2.0
39431451,Brandenburg,3,2.0
39431452,Brandenburg,3,2.0
39441108,Brandenburg,3,2.0
39441115,Brandenburg,3,2.0
39441116,Brandenburg,3,2.0
39441477,Brandenburg,3,2.0
39441714,Brandenburg,3,2.0
39451151,Brandenburg,3,2.0
39451179,Brandenburg,3,2.0
39451180,Brandenburg,3,2.0
39451252,Brandenburg,3,2.0
39451260,Brandenburg,3,2.0
39451270,Brandenburg,3,2.0
39451280,Brandenburg,3,2.0
39461225,Brandenburg,3,2.0
40441040,Brandenburg,3,2.0
40441041,Brandenburg,3,2.0
40441095,Brandenburg,3,2.0
41456003,Brandenburg,3,2.0
30491505,Brandenburg,4,2.0
30491506,Brandenburg,4,2.0
30491508,Brandenburg,4,2.0
30491527,Brandenburg,4,2.0
31490600,Brandenburg,4,2.0
31491982,Brandenburg,4,2.0
31491988,Brandenburg,4,2.0
31491991,Brandenburg,4,2.0
31491992,Brandenburg,4,2.0
31500622,Brandenburg,4,2.0
31500975,Brandenburg,4,2.0
31502019,Brandenburg,4,2.0
31502022,Brandenburg,4,2.0
31502025,Brandenburg,4,2.0
31502026,Brandenburg,4,2.0
31502029,Brandenburg,4,2.0
31502031,Brandenburg,4,2.0
31502035,Brandenburg,4,2.0
31502036,Brandenburg,4,2.0
31502037,Brandenburg,4,2.0
31502039,Brandenburg,4,2.0
31502044,Brandenburg,4,2.0
31502045,Brandenburg,4,2.0
31502053,Brandenburg,4,2.0
31502055,Brandenburg,4,2.0
31502059,Brandenburg,4,2.0
31502069,Brandenburg,4,2.0
31502075,Brandenburg,4,2.0
31502091,Brandenburg,4,2.0
31506005,Brandenburg,4,2.0
31509214,Brandenburg,4,2.0
31509215,Brandenburg,4,2.0
31509218,Brandenburg,4,2.0
31510212,Brandenburg,4,2.0
31512060,Brandenburg,4,2.0
31512062,Brandenburg,4,2.0
31512063,Brandenburg,4,2.0
31519235,Brandenburg,4,2.0
31519236,Brandenburg,4,2.0
31519237,Brandenburg,4,2.0
32500952,Brandenburg,4,2.0
32502101,Brandenburg,4,2.0
32502102,Brandenburg,4,2.0
32502103,Brandenburg,4,2.0
32502104,Brandenburg,4,2.0
32502105,Brandenburg,4,2.0
32502107,Brandenburg,4,2.0
32502108,Brandenburg,4,2.0
32502110,Brandenburg,4,2.0
32502114,Brandenburg,4,2.0
32502115,Brandenburg,4,2.0
32502116,Brandenburg,4,2.0
32502125,Brandenburg,4,2.0
32502127,Brandenburg,4,2.0
32502128,Brandenburg,4,2.0
32502129,Brandenburg,4,2.0
32502131,Brandenburg,4,2.0
32502137,Brandenburg,4,2.0
32502140,Brandenburg,4,2.0
32502171,Brandenburg,4,2.0
32510209,Brandenburg,4,2.0
32510955,Brandenburg,4,2.0
32512140,Brandenburg,4,2.0
32512144,Brandenburg,4,2.0
32512145,Brandenburg,4,2.0
32512147,Brandenburg,4,2.0
32512148,Brandenburg,4,2.0
32512149,Brandenburg,4,2.0
32512150,Brandenburg,4,2.0
32512151,Brandenburg,4,2.0
32512152,Brandenburg,4,2.0
32512157,Brandenburg,4,2.0
32512166,Brandenburg,4,2.0
32512168,Brandenburg,4,2.0
32512169,Brandenburg,4,2.0
32520960,Brandenburg,4,2.0
32522181,Brandenburg,4,2.0
32522182,Brandenburg,4,2.0
32522183,Brandenburg,4,2.0
32529241,Brandenburg,4,2.0
32529242,Brandenburg,4,2.0
32529244,Brandenburg,4,2.0
32529245,Brandenburg,4,2.0
32529247,Brandenburg,4,2.0
32529248,Brandenburg,4,2.0
32529249,Brandenburg,4,2.0
32529250,Brandenburg,4,2.0
33502240,Brandenburg,4,2.0
33502241,Brandenburg,4,2.0
33502242,Brandenburg,4,2.0
33502243,Brandenburg,4,2.0
33502244,Brandenburg,4,2.0
33502252,Brandenburg,4,2.0
33512271,Brandenburg,4,2.0
33512272,Brandenburg,4,2.0
33512273,Brandenburg,4,2.0
33512275,Brandenburg,4,2.0
33512278,Brandenburg,4,2.0
33512279,Brandenburg,4,2.0
33512281,Brandenburg,4,2.0
33512283,Brandenburg,4,2.0
33512285,Brandenburg,4,2.0
33512289,Brandenburg,4,2.0
33512290,Brandenburg,4,2.0
33512291,Brandenburg,4,2.0
33512293,Brandenburg,4,2.0
33520964,Brandenburg,4,2.0
33522324,Brandenburg,4,2.0
33522336,Brandenburg,4,2.0
33522337,Brandenburg,4,2.0
33522342,Brandenburg,4,2.0
34512420,Brandenburg,4,2.0
34512423,Brandenburg,4,2.0
34512426,Brandenburg,4,2.0
34512427,Brandenburg,4,2.0
34515030,Brandenburg,4,2.0
27370001,Brandenburg,5,2.0
28350020,Brandenburg,5,2.0
28350021,Brandenburg,5,2.0
28360020,Brandenburg,5,2.0
28360027,Brandenburg,5,2.0
28360040,Brandenburg,5,2.0
28360042,Brandenburg,5,2.0
28360224,Brandenburg,5,2.0
28370011,Brandenburg,5,2.0
28370015,Brandenburg,5,2.0
28370016,Brandenburg,5,2.0
29350014,Brandenburg,5,2.0
29350020,Brandenburg,5,2.0
29350021,Brandenburg,5,2.0
29350024,Brandenburg,5,2.0
29350025,Brandenburg,5,2.0
29350026,Brandenburg,5,2.0
29360006,Brandenburg,5,2.0
29360016,Brandenburg,5,2.0
29360017,Brandenburg,5,2.0
29370007,Brandenburg,5,2.0
29370010,Brandenburg,5,2.0
29370020,Brandenburg,5,2.0
29370030,Brandenburg,5,2.0
30360009,Brandenburg,5,2.0
30360010,Brandenburg,5,2.0
30360020,Brandenburg,5,2.0
30360035,Brandenburg,5,2.0
30360036,Brandenburg,5,2.0
30370021,Brandenburg,5,2.0
30370039,Brandenburg,5,2.0
30370041,Brandenburg,5,2.0
30370046,Brandenburg,5,2.0
30370047,Brandenburg,5,2.0
30370060,Brandenburg,5,2.0
30380002,Brandenburg,5,2.0
30380004,Brandenburg,5,2.0
38490172,Brandenburg,6,2.0
38496050,Brandenburg,6,2.0
39476001,Brandenburg,6,2.0
39480324,Brandenburg,6,2.0
39481746,Brandenburg,6,2.0
39486014,Brandenburg,6,2.0
39486037,Brandenburg,6,2.0
39486041,Brandenburg,6,2.0
39490172,Brandenburg,6,2.0
39496054,Brandenburg,6,2.0
39496056,Brandenburg,6,2.0
39496057,Brandenburg,6,2.0
39496059,Brandenburg,6,2.0
39496091,Brandenburg,6,2.0
39496094,Brandenburg,6,2.0
39496095,Brandenburg,6,2.0
39496123,Brandenburg,6,2.0
39506107,Brandenburg,6,2.0
40476206,Brandenburg,6,2.0
40486074,Brandenburg,6,2.0
40486075,Brandenburg,6,2.0
40486076,Brandenburg,6,2.0
40486267,Brandenburg,6,2.0
40490509,Brandenburg,6,2.0
40490513,Brandenburg,6,2.0
40496016,Brandenburg,6,2.0
40496018,Brandenburg,6,2.0
40496020,Brandenburg,6,2.0
40496301,Brandenburg,6,2.0
40496302,Brandenburg,6,2.0
40496307,Brandenburg,6,2.0
40496316,Brandenburg,6,2.0
40496317,Brandenburg,6,2.0
40506009,Brandenburg,6,2.0
40506351,Brandenburg,6,2.0
40506354,Brandenburg,6,2.0
40506355,Brandenburg,6,2.0
41466003,Brandenburg,6,2.0
41466004,Brandenburg,6,2.0
41466006,Brandenburg,6,2.0
41466509,Brandenburg,6,2.0
41466515,Brandenburg,6,2.0
41469006,Brandenburg,6,2.0
41469011,Brandenburg,6,2.0
41469014,Brandenburg,6,2.0
41470010,Brandenburg,6,2.0
41476552,Brandenburg,6,2.0
41480389,Brandenburg,6,2.0
41486086,Brandenburg,6,2.0
41486087,Brandenburg,6,2.0
41486604,Brandenburg,6,2.0
41486609,Brandenburg,6,2.0
41486615,Brandenburg,6,2.0
41486616,Brandenburg,6,2.0
41495000,Brandenburg,6,2.0
41496009,Brandenburg,6,2.0
41496010,Brandenburg,6,2.0
41496016,Brandenburg,6,2.0
41500710,Brandenburg,6,2.0
41500768,Brandenburg,6,2.0
41506047,Brandenburg,6,2.0
41506048,Brandenburg,6,2.0
42476015,Brandenburg,6,2.0
42476038,Brandenburg,6,2.0
42486014,Brandenburg,6,2.0
42496911,Brandenburg,6,2.0
42496912,Brandenburg,6,2.0
42496913,Brandenburg,6,2.0
42496915,Brandenburg,6,2.0
42500025,Brandenburg,6,2.0
42500081,Brandenburg,6,2.0
42505002,Brandenburg,6,2.0
42505003,Brandenburg,6,2.0
29400562,Brandenburg,7,2.0
30380005,Brandenburg,7,2.0
30390003,Brandenburg,7,2.0
30390004,Brandenburg,7,2.0
30390010,Brandenburg,7,2.0
30400558,Brandenburg,7,2.0
30400566,Brandenburg,7,2.0
30400574,Brandenburg,7,2.0
30400580,Brandenburg,7,2.0
30400670,Brandenburg,7,2.0
30401381,Brandenburg,7,2.0
30401382,Brandenburg,7,2.0
30401383,Brandenburg,7,2.0
30410630,Brandenburg,7,2.0
30410700,Brandenburg,7,2.0
30410900,Brandenburg,7,2.0
31391523,Brandenburg,7,2.0
31391541,Brandenburg,7,2.0
31391622,Brandenburg,7,2.0
31391801,Brandenburg,7,2.0
31400785,Brandenburg,7,2.0
31400830,Brandenburg,7,2.0
31401603,Brandenburg,7,2.0
31401621,Brandenburg,7,2.0
31409918,Brandenburg,7,2.0
31410787,Brandenburg,7,2.0
31410788,Brandenburg,7,2.0
31419708,Brandenburg,7,2.0
31419709,Brandenburg,7,2.0
31419861,Brandenburg,7,2.0
32392310,Brandenburg,7,2.0
32392350,Brandenburg,7,2.0
32392351,Brandenburg,7,2.0
32399974,Brandenburg,7,2.0
32399982,Brandenburg,7,2.0
32409915,Brandenburg,7,2.0
32409932,Brandenburg,7,2.0
32409933,Brandenburg,7,2.0
32417780,Brandenburg,7,2.0
32419812,Brandenburg,7,2.0
32419819,Brandenburg,7,2.0
32419820,Brandenburg,7,2.0
32419840,Brandenburg,7,2.0
32419851,Brandenburg,7,2.0
32419870,Brandenburg,7,2.0
32419879,Brandenburg,7,2.0
32419880,Brandenburg,7,2.0
32419938,Brandenburg,7,2.0
33392100,Brandenburg,7,2.0
33392108,Brandenburg,7,2.0
33392110,Brandenburg,7,2.0
33392320,Brandenburg,7,2.0
33402090,Brandenburg,7,2.0
33402098,Brandenburg,7,2.0
33407900,Brandenburg,7,2.0
33407910,Brandenburg,7,2.0
33407911,Brandenburg,7,2.0
33407981,Brandenburg,7,2.0
33417575,Brandenburg,7,2.0
33419914,Brandenburg,7,2.0
33419915,Brandenburg,7,2.0
33419916,Brandenburg,7,2.0
27440150,Brandenburg,8,2.0
27442189,Brandenburg,8,2.0
27460405,Brandenburg,8,2.0
27462311,Brandenburg,8,2.0
28430012,Brandenburg,8,2.0
28430013,Brandenburg,8,2.0
28438120,Brandenburg,8,2.0
28438121,Brandenburg,8,2.0
28440001,Brandenburg,8,2.0
28440006,Brandenburg,8,2.0
28440007,Brandenburg,8,2.0
28440010,Brandenburg,8,2.0
28440015,Brandenburg,8,2.0
28440029,Brandenburg,8,2.0
28440040,Brandenburg,8,2.0
28441301,Brandenburg,8,2.0
28441303,Brandenburg,8,2.0
28441310,Brandenburg,8,2.0
28452408,Brandenburg,8,2.0
28453495,Brandenburg,8,2.0
28463233,Brandenburg,8,2.0
28463234,Brandenburg,8,2.0
28463245,Brandenburg,8,2.0
28470002,Brandenburg,8,2.0
28473104,Brandenburg,8,2.0
28473110,Brandenburg,8,2.0
28473124,Brandenburg,8,2.0
28473126,Brandenburg,8,2.0
28473135,Brandenburg,8,2.0
28473140,Brandenburg,8,2.0
28473141,Brandenburg,8,2.0
29443515,Brandenburg,8,2.0
29453525,Brandenburg,8,2.0
29453530,Brandenburg,8,2.0
29453660,Brandenburg,8,2.0
29453690,Brandenburg,8,2.0
29463220,Brandenburg,8,2.0
29463383,Brandenburg,8,2.0
29463384,Brandenburg,8,2.0
29463385,Brandenburg,8,2.0
29463890,Brandenburg,8,2.0
29463891,Brandenburg,8,2.0
29463892,Brandenburg,8,2.0
29470010,Brandenburg,8,2.0
29470030,Brandenburg,8,2.0
29481337,Brandenburg,8,2.0
30453790,Brandenburg,8,2.0
28430020,Brandenburg,9,2.0
28438060,Brandenburg,9,2.0
28438100,Brandenburg,9,2.0
28438101,Brandenburg,9,2.0
28438109,Brandenburg,9,2.0
29410640,Brandenburg,9,2.0
29410650,Brandenburg,9,2.0
29438110,Brandenburg,9,2.0
29438430,Brandenburg,9,2.0
29438509,Brandenburg,9,2.0
29443540,Brandenburg,9,2.0
29443680,Brandenburg,9,2.0
29443681,Brandenburg,9,2.0
29443682,Brandenburg,9,2.0
29443683,Brandenburg,9,2.0
30429033,Brandenburg,9,2.0
30429065,Brandenburg,9,2.0
30429066,Brandenburg,9,2.0
30429666,Brandenburg,9,2.0
30429750,Brandenburg,9,2.0
30438402,Brandenburg,9,2.0
30438404,Brandenburg,9,2.0
30438511,Brandenburg,9,2.0
30438520,Brandenburg,9,2.0
30448500,Brandenburg,9,2.0
30448611,Brandenburg,9,2.0
30448615,Brandenburg,9,2.0
31419710,Brandenburg,9,2.0
31419712,Brandenburg,9,2.0
31429400,Brandenburg,9,2.0
31429402,Brandenburg,9,2.0
31429506,Brandenburg,9,2.0
31429507,Brandenburg,9,2.0
31429740,Brandenburg,9,2.0
31429757,Brandenburg,9,2.0
31439116,Brandenburg,9,2.0
31439300,Brandenburg,9,2.0
31439400,Brandenburg,9,2.0
31445100,Brandenburg,9,2.0
31445101,Brandenburg,9,2.0
31445102,Brandenburg,9,2.0
31445103,Brandenburg,9,2.0
31445104,Brandenburg,9,2.0
31445115,Brandenburg,9,2.0
31449104,Brandenburg,9,2.0
31449105,Brandenburg,9,2.0
31449107,Brandenburg,9,2.0
31449108,Brandenburg,9,2.0
31449109,Brandenburg,9,2.0
31449210,Brandenburg,9,2.0
31449211,Brandenburg,9,2.0
31449212,Brandenburg,9,2.0
31449220,Brandenburg,9,2.0
32429403,Brandenburg,9,2.0
32429404,Brandenburg,9,2.0
32429600,Brandenburg,9,2.0
32429805,Brandenburg,9,2.0
32439500,Brandenburg,9,2.0
32439502,Brandenburg,9,2.0
32439510,Brandenburg,9,2.0
32445310,Brandenburg,9,2.0
32449202,Brandenburg,9,2.0
32449205,Brandenburg,9,2.0
32449206,Brandenburg,9,2.0
32449209,Brandenburg,9,2.0
32449210,Brandenburg,9,2.0
32449221,Brandenburg,9,2.0
32449255,Brandenburg,9,2.0
33427290,Brandenburg,9,2.0
33427350,Brandenburg,9,2.0
33427351,Brandenburg,9,2.0
42456013,Brandenburg,10,2.0
42456031,Brandenburg,10,2.0
42466030,Brandenburg,10,2.0
42473638,Brandenburg,10,2.0
42473661,Brandenburg,10,2.0
42476009,Brandenburg,10,2.0
43453725,Brandenburg,10,2.0
43473623,Brandenburg,10,2.0
43473626,Brandenburg,10,2.0
43473627,Brandenburg,10,2.0
43473628,Brandenburg,10,2.0
43473635,Brandenburg,10,2.0
43473636,Brandenburg,10,2.0
43473656,Brandenburg,10,2.0
43476000,Brandenburg,10,2.0
43476151,Brandenburg,10,2.0
43476152,Brandenburg,10,2.0
43480002,Brandenburg,10,2.0
43483424,Brandenburg,10,2.0
43483428,Brandenburg,10,2.0
43483620,Brandenburg,10,2.0
43483622,Brandenburg,10,2.0
43483623,Brandenburg,10,2.0
43486000,Brandenburg,10,2.0
43486001,Brandenburg,10,2.0
43488123,Brandenburg,10,2.0
43488127,Brandenburg,10,2.0
43498117,Brandenburg,10,2.0
44463707,Brandenburg,10,2.0
44463730,Brandenburg,10,2.0
44466000,Brandenburg,10,2.0
44466038,Brandenburg,10,2.0
44466040,Brandenburg,10,2.0
44473511,Brandenburg,10,2.0
44476037,Brandenburg,10,2.0
44480777,Brandenburg,10,2.0
44486014,Brandenburg,10,2.0
45460254,Brandenburg,10,2.0
45468055,Brandenburg,10,2.0
45468056,Brandenburg,10,2.0
45468059,Brandenburg,10,2.0
45468060,Brandenburg,10,2.0
45468098,Brandenburg,10,2.0
45473604,Brandenburg,10,2.0
45473608,Brandenburg,10,2.0
45476000,Brandenburg,10,2.0
45476010,Brandenburg,10,2.0
45476066,Brandenburg,10,2.0
45476069,Brandenburg,10,2.0
45476071,Brandenburg,10,2.0
45478008,Brandenburg,10,2.0
45478009,Brandenburg,10,2.0
45478018,Brandenburg,10,2.0
45483207,Brandenburg,10,2.0
45483387,Brandenburg,10,2.0
45488021,Brandenburg,10,2.0
45488025,Brandenburg,10,2.0
45493438,Brandenburg,10,2.0
45496000,Brandenburg,10,2.0
45496006,Brandenburg,10,2.0
45498035,Brandenburg,10,2.0
45498038,Brandenburg,10,2.0
46478042,Brandenburg,10,2.0
46478043,Brandenburg,10,2.0
46488048,Brandenburg,10,2.0
46489130,Brandenburg,10,2.0
46489173,Brandenburg,10,2.0
34392120,Brandenburg,11,2.0
34392121,Brandenburg,11,2.0
34392122,Brandenburg,11,2.0
34396780,Brandenburg,11,2.0
34402015,Brandenburg,11,2.0
34402025,Brandenburg,11,2.0
34402050,Brandenburg,11,2.0
34402790,Brandenburg,11,2.0
34407725,Brandenburg,11,2.0
34416120,Brandenburg,11,2.0
34417705,Brandenburg,11,2.0
34417713,Brandenburg,11,2.0
35396712,Brandenburg,11,2.0
35396713,Brandenburg,11,2.0
35405930,Brandenburg,11,2.0
35405945,Brandenburg,11,2.0
35406210,Brandenburg,11,2.0
35406370,Brandenburg,11,2.0
35406373,Brandenburg,11,2.0
35406375,Brandenburg,11,2.0
35406376,Brandenburg,11,2.0
35406384,Brandenburg,11,2.0
35406451,Brandenburg,11,2.0
35406530,Brandenburg,11,2.0
35412785,Brandenburg,11,2.0
35416130,Brandenburg,11,2.0
35416131,Brandenburg,11,2.0
35416166,Brandenburg,11,2.0
35416176,Brandenburg,11,2.0
35416180,Brandenburg,11,2.0
35416181,Brandenburg,11,2.0
35416185,Brandenburg,11,2.0
36404810,Brandenburg,11,2.0
36404940,Brandenburg,11,2.0
36405943,Brandenburg,11,2.0
36405972,Brandenburg,11,2.0
36412040,Brandenburg,11,2.0
36412060,Brandenburg,11,2.0
36412061,Brandenburg,11,2.0
36412062,Brandenburg,11,2.0
36412070,Brandenburg,11,2.0
36412784,Brandenburg,11,2.0
36412961,Brandenburg,11,2.0
36412962,Brandenburg,11,2.0
36414990,Brandenburg,11,2.0
36422942,Brandenburg,11,2.0
36422952,Brandenburg,11,2.0
37394620,Brandenburg,11,2.0
37394630,Brandenburg,11,2.0
37404600,Brandenburg,11,2.0
37404601,Brandenburg,11,2.0
37413680,Brandenburg,11,2.0
37413681,Brandenburg,11,2.0
37413733,Brandenburg,11,2.0
37413740,Brandenburg,11,2.0
37413760,Brandenburg,11,2.0
37413820,Brandenburg,11,2.0
37413822,Brandenburg,11,2.0
37423630,Brandenburg,11,2.0
38394500,Brandenburg,11,2.0
38404660,Brandenburg,11,2.0
38404661,Brandenburg,11,2.0
38413420,Brandenburg,11,2.0
38413453,Brandenburg,11,2.0
38413454,Brandenburg,11,2.0
32522184,Brandenburg,12,2.0
33520965,Brandenburg,12,2.0
33520966,Brandenburg,12,2.0
33520968,Brandenburg,12,2.0
33520970,Brandenburg,12,2.0
33522320,Brandenburg,12,2.0
33522321,Brandenburg,12,2.0
33522325,Brandenburg,12,2.0
33522326,Brandenburg,12,2.0
33522327,Brandenburg,12,2.0
33522329,Brandenburg,12,2.0
33522332,Brandenburg,12,2.0
33522333,Brandenburg,12,2.0
33522339,Brandenburg,12,2.0
33522341,Brandenburg,12,2.0
33522344,Brandenburg,12,2.0
33522347,Brandenburg,12,2.0
33532380,Brandenburg,12,2.0
33532381,Brandenburg,12,2.0
33532383,Brandenburg,12,2.0
33532384,Brandenburg,12,2.0
33532388,Brandenburg,12,2.0
33532390,Brandenburg,12,2.0
34510971,Brandenburg,12,2.0
34512425,Brandenburg,12,2.0
34522430,Brandenburg,12,2.0
34522455,Brandenburg,12,2.0
34522457,Brandenburg,12,2.0
34522459,Brandenburg,12,2.0
34522461,Brandenburg,12,2.0
34522464,Brandenburg,12,2.0
34522486,Brandenburg,12,2.0
34522487,Brandenburg,12,2.0
34522490,Brandenburg,12,2.0
34522496,Brandenburg,12,2.0
34522497,Brandenburg,12,2.0
34522498,Brandenburg,12,2.0
34532500,Brandenburg,12,2.0
34532501,Brandenburg,12,2.0
34532503,Brandenburg,12,2.0
34532504,Brandenburg,12,2.0
34532507,Brandenburg,12,2.0
34532511,Brandenburg,12,2.0
34532512,Brandenburg,12,2.0
34532514,Brandenburg,12,2.0
34532515,Brandenburg,12,2.0
34532517,Brandenburg,12,2.0
34532521,Brandenburg,12,2.0
34532523,Brandenburg,12,2.0
34532526,Brandenburg,12,2.0
35522582,Brandenburg,12,2.0
35522583,Brandenburg,12,2.0
35522585,Brandenburg,12,2.0
35522592,Brandenburg,12,2.0
35522593,Brandenburg,12,2.0
35532622,Brandenburg,12,2.0
35532623,Brandenburg,12,2.0
35532624,Brandenburg,12,2.0
35532626,Brandenburg,12,2.0
35532628,Brandenburg,12,2.0
35532630,Brandenburg,12,2.0
35532632,Brandenburg,12,2.0
35532634,Brandenburg,12,2.0
35532636,Brandenburg,12,2.0
35532638,Brandenburg,12,2.0
35535245,Brandenburg,12,2.0
150.0,Berlin,13,2.0
2602.0,Berlin,13,2.0
2603.0,Berlin,13,2.0
2604.0,Berlin,13,2.0
4923.0,Berlin,13,2.0
5366.0,Berlin,13,2.0
7745.0,Berlin,13,2.0
7746.0,Berlin,13,2.0
7886.0,Berlin,13,2.0
8199.0,Berlin,13,2.0
15168.0,Berlin,13,2.0
15169.0,Berlin,13,2.0
23703.0,Berlin,13,2.0
23705.0,Berlin,13,2.0
97894.0,Berlin,13,2.0
30453795,Brandenburg,13,2.0
30454311,Brandenburg,13,2.0
30460968,Brandenburg,13,2.0
30460969,Brandenburg,13,2.0
30461768,Brandenburg,13,2.0
30463568,Brandenburg,13,2.0
30463569,Brandenburg,13,2.0
30464252,Brandenburg,13,2.0
30470030,Brandenburg,13,2.0
30470031,Brandenburg,13,2.0
30470581,Brandenburg,13,2.0
30472268,Brandenburg,13,2.0
30476001,Brandenburg,13,2.0
30476003,Brandenburg,13,2.0
30480596,Brandenburg,13,2.0
30480881,Brandenburg,13,2.0
31454608,Brandenburg,13,2.0
31454653,Brandenburg,13,2.0
31455202,Brandenburg,13,2.0
31455260,Brandenburg,13,2.0
31464501,Brandenburg,13,2.0
31464630,Brandenburg,13,2.0
31464655,Brandenburg,13,2.0
31464700,Brandenburg,13,2.0
31464705,Brandenburg,13,2.0
31464706,Brandenburg,13,2.0
31471802,Brandenburg,13,2.0
31471805,Brandenburg,13,2.0
31471810,Brandenburg,13,2.0
31471812,Brandenburg,13,2.0
31471813,Brandenburg,13,2.0
31471820,Brandenburg,13,2.0
31471821,Brandenburg,13,2.0
31480594,Brandenburg,13,2.0
31481014,Brandenburg,13,2.0
31481174,Brandenburg,13,2.0
31481186,Brandenburg,13,2.0
31481905,Brandenburg,13,2.0
31481907,Brandenburg,13,2.0
31481908,Brandenburg,13,2.0
31481914,Brandenburg,13,2.0
31481915,Brandenburg,13,2.0
31481916,Brandenburg,13,2.0
31481922,Brandenburg,13,2.0
31481923,Brandenburg,13,2.0
31481928,Brandenburg,13,2.0
31481931,Brandenburg,13,2.0
31481962,Brandenburg,13,2.0
31481993,Brandenburg,13,2.0
31481994,Brandenburg,13,2.0
31481995,Brandenburg,13,2.0
32454663,Brandenburg,13,2.0
32454665,Brandenburg,13,2.0
32455002,Brandenburg,13,2.0
32455003,Brandenburg,13,2.0
32455015,Brandenburg,13,2.0
32455020,Brandenburg,13,2.0
32455305,Brandenburg,13,2.0
32455391,Brandenburg,13,2.0
32455395,Brandenburg,13,2.0
32455411,Brandenburg,13,2.0
32455414,Brandenburg,13,2.0
32455418,Brandenburg,13,2.0
32455420,Brandenburg,13,2.0
32455426,Brandenburg,13,2.0
32462086,Brandenburg,13,2.0
32462087,Brandenburg,13,2.0
32464600,Brandenburg,13,2.0
32464601,Brandenburg,13,2.0
32464603,Brandenburg,13,2.0
32464606,Brandenburg,13,2.0
32465301,Brandenburg,13,2.0
32465403,Brandenburg,13,2.0
32465430,Brandenburg,13,2.0
32471945,Brandenburg,13,2.0
32471950,Brandenburg,13,2.0
32471951,Brandenburg,13,2.0
32471954,Brandenburg,13,2.0
32471958,Brandenburg,13,2.0
32472089,Brandenburg,13,2.0
32481966,Brandenburg,13,2.0
33455015,Brandenburg,13,2.0
33455021,Brandenburg,13,2.0
33455424,Brandenburg,13,2.0
33455425,Brandenburg,13,2.0
33455426,Brandenburg,13,2.0
33455490,Brandenburg,13,2.0
33455572,Brandenburg,13,2.0
33465015,Brandenburg,13,2.0
33465503,Brandenburg,13,2.0
33465509,Brandenburg,13,2.0
33465511,Brandenburg,13,2.0
33465515,Brandenburg,13,2.0
33465517,Brandenburg,13,2.0
33470881,Brandenburg,13,2.0
33470916,Brandenburg,13,2.0
33470920,Brandenburg,13,2.0
33470959,Brandenburg,13,2.0
33470960,Brandenburg,13,2.0
33475010,Brandenburg,13,2.0
1.0,Berlin,14,2.0
2.0,Berlin,14,2.0
3.0,Berlin,14,2.0
4.0,Berlin,14,2.0
24.0,Berlin,14,2.0
25.0,Berlin,14,2.0
26.0,Berlin,14,2.0
30.0,Berlin,14,2.0
31.0,Berlin,14,2.0
32.0,Berlin,14,2.0
34.0,Berlin,14,2.0
35.0,Berlin,14,2.0
39.0,Berlin,14,2.0
40.0,Berlin,14,2.0
44.0,Berlin,14,2.0
45.0,Berlin,14,2.0
47.0,Berlin,14,2.0
50.0,Berlin,14,2.0
51.0,Berlin,14,2.0
52.0,Berlin,14,2.0
53.0,Berlin,14,2.0
55.0,Berlin,14,2.0
58.0,Berlin,14,2.0
60.0,Berlin,14,2.0
62.0,Berlin,14,2.0
64.0,Berlin,14,2.0
66.0,Berlin,14,2.0
68.0,Berlin,14,2.0
70.0,Berlin,14,2.0
71.0,Berlin,14,2.0
73.0,Berlin,14,2.0
75.0,Berlin,14,2.0
76.0,Berlin,14,2.0
79.0,Berlin,14,2.0
80.0,Berlin,14,2.0
82.0,Berlin,14,2.0
86.0,Berlin,14,2.0
87.0,Berlin,14,2.0
88.0,Berlin,14,2.0
89.0,Berlin,14,2.0
90.0,Berlin,14,2.0
91.0,Berlin,14,2.0
92.0,Berlin,14,2.0
93.0,Berlin,14,2.0
94.0,Berlin,14,2.0
95.0,Berlin,14,2.0
96.0,Berlin,14,2.0
97.0,Berlin,14,2.0
100.0,Berlin,14,2.0
101.0,Berlin,14,2.0
102.0,Berlin,14,2.0
103.0,Berlin,14,2.0
105.0,Berlin,14,2.0
106.0,Berlin,14,2.0
107.0,Berlin,14,2.0
108.0,Berlin,14,2.0
109.0,Berlin,14,2.0
110.0,Berlin,14,2.0
114.0,Berlin,14,2.0
120.0,Berlin,14,2.0
125.0,Berlin,14,2.0
128.0,Berlin,14,2.0
129.0,Berlin,14,2.0
136.0,Berlin,14,2.0
137.0,Berlin,14,2.0
138.0,Berlin,14,2.0
139.0,Berlin,14,2.0
144.0,Berlin,14,2.0
145.0,Berlin,14,2.0
146.0,Berlin,14,2.0
147.0,Berlin,14,2.0
149.0,Berlin,14,2.0
153.0,Berlin,14,2.0
154.0,Berlin,14,2.0
155.0,Berlin,14,2.0
161.0,Berlin,14,2.0
162.0,Berlin,14,2.0
164.0,Berlin,14,2.0
165.0,Berlin,14,2.0
169.0,Berlin,14,2.0
173.0,Berlin,14,2.0
176.0,Berlin,14,2.0
178.0,Berlin,14,2.0
181.0,Berlin,14,2.0
182.0,Berlin,14,2.0
185.0,Berlin,14,2.0
200.0,Berlin,14,2.0
201.0,Berlin,14,2.0
202.0,Berlin,14,2.0
204.0,Berlin,14,2.0
206.0,Berlin,14,2.0
209.0,Berlin,14,2.0
211.0,Berlin,14,2.0
214.0,Berlin,14,2.0
221.0,Berlin,14,2.0
230.0,Berlin,14,2.0
231.0,Berlin,14,2.0
232.0,Berlin,14,2.0
237.0,Berlin,14,2.0
241.0,Berlin,14,2.0
243.0,Berlin,14,2.0
248.0,Berlin,14,2.0
249.0,Berlin,14,2.0
251.0,Berlin,14,2.0
252.0,Berlin,14,2.0
253.0,Berlin,14,2.0
258.0,Berlin,14,2.0
259.0,Berlin,14,2.0
262.0,Berlin,14,2.0
268.0,Berlin,14,2.0
282.0,Berlin,14,2.0
293.0,Berlin,14,2.0
294.0,Berlin,14,2.0
305.0,Berlin,14,2.0
312.0,Berlin,14,2.0
319.0,Berlin,14,2.0
325.0,Berlin,14,2.0
326.0,Berlin,14,2.0
340.0,Berlin,14,2.0
358.0,Berlin,14,2.0
363.0,Berlin,14,2.0
366.0,Berlin,14,2.0
370.0,Berlin,14,2.0
377.0,Berlin,14,2.0
380.0,Berlin,14,2.0
384.0,Berlin,14,2.0
399.0,Berlin,14,2.0
401.0,Berlin,14,2.0
404.0,Berlin,14,2.0
405.0,Berlin,14,2.0
407.0,Berlin,14,2.0
425.0,Berlin,14,2.0
426.0,Berlin,14,2.0
429.0,Berlin,14,2.0
430.0,Berlin,14,2.0
432.0,Berlin,14,2.0
439.0,Berlin,14,2.0
446.0,Berlin,14,2.0
492.0,Berlin,14,2.0
496.0,Berlin,14,2.0
499.0,Berlin,14,2.0
500.0,Berlin,14,2.0
501.0,Berlin,14,2.0
511.0,Berlin,14,2.0
552.0,Berlin,14,2.0
553.0,Berlin,14,2.0
554.0,Berlin,14,2.0
558.0,Berlin,14,2.0
561.0,Berlin,14,2.0
562.0,Berlin,14,2.0
563.0,Berlin,14,2.0
564.0,Berlin,14,2.0
569.0,Berlin,14,2.0
576.0,Berlin,14,2.0
577.0,Berlin,14,2.0
580.0,Berlin,14,2.0
581.0,Berlin,14,2.0
583.0,Berlin,14,2.0
584.0,Berlin,14,2.0
585.0,Berlin,14,2.0
587.0,Berlin,14,2.0
591.0,Berlin,14,2.0
594.0,Berlin,14,2.0
595.0,Berlin,14,2.0
596.0,Berlin,14,2.0
597.0,Berlin,14,2.0
603.0,Berlin,14,2.0
604.0,Berlin,14,2.0
605.0,Berlin,14,2.0
606.0,Berlin,14,2.0
607.0,Berlin,14,2.0
608.0,Berlin,14,2.0
609.0,Berlin,14,2.0
610.0,Berlin,14,2.0
621.0,Berlin,14,2.0
622.0,Berlin,14,2.0
628.0,Berlin,14,2.0
642.0,Berlin,14,2.0
644.0,Berlin,14,2.0
645.0,Berlin,14,2.0
648.0,Berlin,14,2.0
652.0,Berlin,14,2.0
654.0,Berlin,14,2.0
658.0,Berlin,14,2.0
662.0,Berlin,14,2.0
667.0,Berlin,14,2.0
669.0,Berlin,14,2.0
671.0,Berlin,14,2.0
672.0,Berlin,14,2.0
674.0,Berlin,14,2.0
676.0,Berlin,14,2.0
677.0,Berlin,14,2.0
678.0,Berlin,14,2.0
683.0,Berlin,14,2.0
684.0,Berlin,14,2.0
685.0,Berlin,14,2.0
693.0,Berlin,14,2.0
694.0,Berlin,14,2.0
697.0,Berlin,14,2.0
698.0,Berlin,14,2.0
700.0,Berlin,14,2.0
702.0,Berlin,14,2.0
703.0,Berlin,14,2.0
710.0,Berlin,14,2.0
711.0,Berlin,14,2.0
712.0,Berlin,14,2.0
720.0,Berlin,14,2.0
721.0,Berlin,14,2.0
726.0,Berlin,14,2.0
728.0,Berlin,14,2.0
729.0,Berlin,14,2.0
738.0,Berlin,14,2.0
741.0,Berlin,14,2.0
742.0,Berlin,14,2.0
744.0,Berlin,14,2.0
746.0,Berlin,14,2.0
747.0,Berlin,14,2.0
749.0,Berlin,14,2.0
750.0,Berlin,14,2.0
751.0,Berlin,14,2.0
752.0,Berlin,14,2.0
753.0,Berlin,14,2.0
754.0,Berlin,14,2.0
755.0,Berlin,14,2.0
756.0,Berlin,14,2.0
757.0,Berlin,14,2.0
760.0,Berlin,14,2.0
762.0,Berlin,14,2.0
765.0,Berlin,14,2.0
767.0,Berlin,14,2.0
768.0,Berlin,14,2.0
769.0,Berlin,14,2.0
770.0,Berlin,14,2.0
772.0,Berlin,14,2.0
773.0,Berlin,14,2.0
774.0,Berlin,14,2.0
775.0,Berlin,14,2.0
776.0,Berlin,14,2.0
777.0,Berlin,14,2.0
785.0,Berlin,14,2.0
791.0,Berlin,14,2.0
793.0,Berlin,14,2.0
795.0,Berlin,14,2.0
796.0,Berlin,14,2.0
797.0,Berlin,14,2.0
798.0,Berlin,14,2.0
800.0,Berlin,14,2.0
801.0,Berlin,14,2.0
802.0,Berlin,14,2.0
803.0,Berlin,14,2.0
806.0,Berlin,14,2.0
807.0,Berlin,14,2.0
808.0,Berlin,14,2.0
809.0,Berlin,14,2.0
810.0,Berlin,14,2.0
811.0,Berlin,14,2.0
816.0,Berlin,14,2.0
817.0,Berlin,14,2.0
819.0,Berlin,14,2.0
830.0,Berlin,14,2.0
833.0,Berlin,14,2.0
1305.0,Berlin,14,2.0
1306.0,Berlin,14,2.0
1311.0,Berlin,14,2.0
1318.0,Berlin,14,2.0
1320.0,Berlin,14,2.0
1325.0,Berlin,14,2.0
1339.0,Berlin,14,2.0
1349.0,Berlin,14,2.0
1359.0,Berlin,14,2.0
2605.0,Berlin,14,2.0
2606.0,Berlin,14,2.0
2607.0,Berlin,14,2.0
3063.0,Berlin,14,2.0
3097.0,Berlin,14,2.0
3155.0,Berlin,14,2.0
3156.0,Berlin,14,2.0
3211.0,Berlin,14,2.0
3212.0,Berlin,14,2.0
3213.0,Berlin,14,2.0
3215.0,Berlin,14,2.0
3356.0,Berlin,14,2.0
3357.0,Berlin,14,2.0
4098.0,Berlin,14,2.0
4304.0,Berlin,14,2.0
4588.0,Berlin,14,2.0
4805.0,Berlin,14,2.0
4882.0,Berlin,14,2.0
4890.0,Berlin,14,2.0
4895.0,Berlin,14,2.0
4897.0,Berlin,14,2.0
4928.0,Berlin,14,2.0
4930.0,Berlin,14,2.0
5001.0,Berlin,14,2.0
5002.0,Berlin,14,2.0
5004.0,Berlin,14,2.0
5005.0,Berlin,14,2.0
5006.0,Berlin,14,2.0
5008.0,Berlin,14,2.0
5009.0,Berlin,14,2.0
5011.0,Berlin,14,2.0
5013.0,Berlin,14,2.0
5017.0,Berlin,14,2.0
5019.0,Berlin,14,2.0
5020.0,Berlin,14,2.0
5022.0,Berlin,14,2.0
5026.0,Berlin,14,2.0
5027.0,Berlin,14,2.0
5031.0,Berlin,14,2.0
5033.0,Berlin,14,2.0
5036.0,Berlin,14,2.0
5039.0,Berlin,14,2.0
5040.0,Berlin,14,2.0
5043.0,Berlin,14,2.0
5044.0,Berlin,14,2.0
5045.0,Berlin,14,2.0
5051.0,Berlin,14,2.0
5052.0,Berlin,14,2.0
5056.0,Berlin,14,2.0
5058.0,Berlin,14,2.0
5068.0,Berlin,14,2.0
5071.0,Berlin,14,2.0
5072.0,Berlin,14,2.0
5073.0,Berlin,14,2.0
5074.0,Berlin,14,2.0
5075.0,Berlin,14,2.0
5076.0,Berlin,14,2.0
5077.0,Berlin,14,2.0
5078.0,Berlin,14,2.0
5086.0,Berlin,14,2.0
5091.0,Berlin,14,2.0
5092.0,Berlin,14,2.0
5118.0,Berlin,14,2.0
5138.0,Berlin,14,2.0
5139.0,Berlin,14,2.0
5140.0,Berlin,14,2.0
5141.0,Berlin,14,2.0
5142.0,Berlin,14,2.0
5144.0,Berlin,14,2.0
5147.0,Berlin,14,2.0
5148.0,Berlin,14,2.0
5149.0,Berlin,14,2.0
5150.0,Berlin,14,2.0
5152.0,Berlin,14,2.0
5154.0,Berlin,14,2.0
5155.0,Berlin,14,2.0
5156.0,Berlin,14,2.0
5161.0,Berlin,14,2.0
5167.0,Berlin,14,2.0
5168.0,Berlin,14,2.0
5169.0,Berlin,14,2.0
5202.0,Berlin,14,2.0
5207.0,Berlin,14,2.0
5217.0,Berlin,14,2.0
5231.0,Berlin,14,2.0
5233.0,Berlin,14,2.0
5253.0,Berlin,14,2.0
5255.0,Berlin,14,2.0
5277.0,Berlin,14,2.0
5297.0,Berlin,14,2.0
5304.0,Berlin,14,2.0
5306.0,Berlin,14,2.0
5308.0,Berlin,14,2.0
5311.0,Berlin,14,2.0
5320.0,Berlin,14,2.0
5337.0,Berlin,14,2.0
5342.0,Berlin,14,2.0
5351.0,Berlin,14,2.0
5355.0,Berlin,14,2.0
5372.0,Berlin,14,2.0
5382.0,Berlin,14,2.0
5388.0,Berlin,14,2.0
5389.0,Berlin,14,2.0
5390.0,Berlin,14,2.0
5404.0,Berlin,14,2.0
5412.0,Berlin,14,2.0
5420.0,Berlin,14,2.0
5422.0,Berlin,14,2.0
5424.0,Berlin,14,2.0
5427.0,Berlin,14,2.0
5428.0,Berlin,14,2.0
5430.0,Berlin,14,2.0
5431.0,Berlin,14,2.0
5471.0,Berlin,14,2.0
5472.0,Berlin,14,2.0
5473.0,Berlin,14,2.0
5476.0,Berlin,14,2.0
5573.0,Berlin,14,2.0
5600.0,Berlin,14,2.0
6004.0,Berlin,14,2.0
6010.0,Berlin,14,2.0
6012.0,Berlin,14,2.0
6016.0,Berlin,14,2.0
6020.0,Berlin,14,2.0
6021.0,Berlin,14,2.0
6023.0,Berlin,14,2.0
6025.0,Berlin,14,2.0
6027.0,Berlin,14,2.0
6034.0,Berlin,14,2.0
6038.0,Berlin,14,2.0
6047.0,Berlin,14,2.0
6056.0,Berlin,14,2.0
6057.0,Berlin,14,2.0
6060.0,Berlin,14,2.0
6063.0,Berlin,14,2.0
6067.0,Berlin,14,2.0
6089.0,Berlin,14,2.0
6093.0,Berlin,14,2.0
6097.0,Berlin,14,2.0
6108.0,Berlin,14,2.0
6112.0,Berlin,14,2.0
6121.0,Berlin,14,2.0
6501.0,Berlin,14,2.0
6504.0,Berlin,14,2.0
6510.0,Berlin,14,2.0
6515.0,Berlin,14,2.0
6516.0,Berlin,14,2.0
6522.0,Berlin,14,2.0
6548.0,Berlin,14,2.0
6560.0,Berlin,14,2.0
6567.0,Berlin,14,2.0
6568.0,Berlin,14,2.0
6961.0,Berlin,14,2.0
6962.0,Berlin,14,2.0
6963.0,Berlin,14,2.0
6964.0,Berlin,14,2.0
6965.0,Berlin,14,2.0
6967.0,Berlin,14,2.0
6968.0,Berlin,14,2.0
7014.0,Berlin,14,2.0
7018.0,Berlin,14,2.0
7027.0,Berlin,14,2.0
7029.0,Berlin,14,2.0
7039.0,Berlin,14,2.0
7041.0,Berlin,14,2.0
7044.0,Berlin,14,2.0
7048.0,Berlin,14,2.0
7050.0,Berlin,14,2.0
7057.0,Berlin,14,2.0
7066.0,Berlin,14,2.0
7078.0,Berlin,14,2.0
7081.0,Berlin,14,2.0
7083.0,Berlin,14,2.0
7092.0,Berlin,14,2.0
7098.0,Berlin,14,2.0
7104.0,Berlin,14,2.0
7107.0,Berlin,14,2.0
7111.0,Berlin,14,2.0
7114.0,Berlin,14,2.0
7117.0,Berlin,14,2.0
7125.0,Berlin,14,2.0
7132.0,Berlin,14,2.0
7136.0,Berlin,14,2.0
7147.0,Berlin,14,2.0
7171.0,Berlin,14,2.0
7192.0,Berlin,14,2.0
7195.0,Berlin,14,2.0
7206.0,Berlin,14,2.0
7275.0,Berlin,14,2.0
7291.0,Berlin,14,2.0
7292.0,Berlin,14,2.0
7299.0,Berlin,14,2.0
7301.0,Berlin,14,2.0
7324.0,Berlin,14,2.0
7578.0,Berlin,14,2.0
7706.0,Berlin,14,2.0
7713.0,Berlin,14,2.0
7722.0,Berlin,14,2.0
7742.0,Berlin,14,2.0
7750.0,Berlin,14,2.0
7752.0,Berlin,14,2.0
7845.0,Berlin,14,2.0
7882.0,Berlin,14,2.0
7884.0,Berlin,14,2.0
8018.0,Berlin,14,2.0
8044.0,Berlin,14,2.0
8047.0,Berlin,14,2.0
8053.0,Berlin,14,2.0
8058.0,Berlin,14,2.0
8118.0,Berlin,14,2.0
8213.0,Berlin,14,2.0
8221.0,Berlin,14,2.0
8224.0,Berlin,14,2.0
8225.0,Berlin,14,2.0
8226.0,Berlin,14,2.0
8349.0,Berlin,14,2.0
8350.0,Berlin,14,2.0
8355.0,Berlin,14,2.0
8367.0,Berlin,14,2.0
8378.0,Berlin,14,2.0
8408.0,Berlin,14,2.0
8412.0,Berlin,14,2.0
8414.0,Berlin,14,2.0
8437.0,Berlin,14,2.0
8440.0,Berlin,14,2.0
8441.0,Berlin,14,2.0
8443.0,Berlin,14,2.0
8445.0,Berlin,14,2.0
8448.0,Berlin,14,2.0
8450.0,Berlin,14,2.0
8458.0,Berlin,14,2.0
8459.0,Berlin,14,2.0
8464.0,Berlin,14,2.0
8468.0,Berlin,14,2.0
8469.0,Berlin,14,2.0
8472.0,Berlin,14,2.0
8473.0,Berlin,14,2.0
8476.0,Berlin,14,2.0
8484.0,Berlin,14,2.0
8693.0,Berlin,14,2.0
8947.0,Berlin,14,2.0
8949.0,Berlin,14,2.0
8950.0,Berlin,14,2.0
8964.0,Berlin,14,2.0
8974.0,Berlin,14,2.0
8979.0,Berlin,14,2.0
8997.0,Berlin,14,2.0
9058.0,Berlin,14,2.0
9083.0,Berlin,14,2.0
9092.0,Berlin,14,2.0
9401.0,Berlin,14,2.0
9408.0,Berlin,14,2.0
9416.0,Berlin,14,2.0
9424.0,Berlin,14,2.0
9445.0,Berlin,14,2.0
9451.0,Berlin,14,2.0
9458.0,Berlin,14,2.0
9485.0,Berlin,14,2.0
9491.0,Berlin,14,2.0
9492.0,Berlin,14,2.0
9612.0,Berlin,14,2.0
9614.0,Berlin,14,2.0
9859.0,Berlin,14,2.0
9874.0,Berlin,14,2.0
9931.0,Berlin,14,2.0
9932.0,Berlin,14,2.0
9987.0,Berlin,14,2.0
10035.0,Berlin,14,2.0
10038.0,Berlin,14,2.0
10420.0,Berlin,14,2.0
10421.0,Berlin,14,2.0
10709.0,Berlin,14,2.0
15001.0,Berlin,14,2.0
15012.0,Berlin,14,2.0
15049.0,Berlin,14,2.0
15062.0,Berlin,14,2.0
15063.0,Berlin,14,2.0
15065.0,Berlin,14,2.0
15101.0,Berlin,14,2.0
15104.0,Berlin,14,2.0
15147.0,Berlin,14,2.0
15150.0,Berlin,14,2.0
15152.0,Berlin,14,2.0
15156.0,Berlin,14,2.0
15165.0,Berlin,14,2.0
15166.0,Berlin,14,2.0
15167.0,Berlin,14,2.0
15170.0,Berlin,14,2.0
15171.0,Berlin,14,2.0
15172.0,Berlin,14,2.0
15174.0,Berlin,14,2.0
15175.0,Berlin,14,2.0
15181.0,Berlin,14,2.0
15184.0,Berlin,14,2.0
15185.0,Berlin,14,2.0
15189.0,Berlin,14,2.0
15190.0,Berlin,14,2.0
15193.0,Berlin,14,2.0
15195.0,Berlin,14,2.0
15196.0,Berlin,14,2.0
15197.0,Berlin,14,2.0
15198.0,Berlin,14,2.0
15199.0,Berlin,14,2.0
15201.0,Berlin,14,2.0
17299.0,Berlin,14,2.0
17300.0,Berlin,14,2.0
17301.0,Berlin,14,2.0
17302.0,Berlin,14,2.0
17306.0,Berlin,14,2.0
17310.0,Berlin,14,2.0
17311.0,Berlin,14,2.0
17312.0,Berlin,14,2.0
17315.0,Berlin,14,2.0
17316.0,Berlin,14,2.0
21101.0,Berlin,14,2.0
23101.0,Berlin,14,2.0
23201.0,Berlin,14,2.0
23701.0,Berlin,14,2.0
23702.0,Berlin,14,2.0
23707.0,Berlin,14,2.0
23719.0,Berlin,14,2.0
23746.0,Berlin,14,2.0
23747.0,Berlin,14,2.0
23748.0,Berlin,14,2.0
23749.0,Berlin,14,2.0
23750.0,Berlin,14,2.0
23751.0,Berlin,14,2.0
23753.0,Berlin,14,2.0
30201.0,Berlin,14,2.0
90203.0,Berlin,14,2.0
90267.0,Berlin,14,2.0
95242.0,Berlin,14,2.0
95391.0,Berlin,14,2.0
95580.0,Berlin,14,2.0
97175.0,Berlin,14,2.0
97766.0,Berlin,14,2.0
98345.0,Berlin,14,2.0
98954.0,Berlin,14,2.0
99003.0,Berlin,14,2.0
99085.0,Berlin,14,2.0
99619.0,Berlin,14,2.0
99620.0,Berlin,14,2.0
99721.0,Berlin,14,2.0
99729.0,Berlin,14,2.0
99868.0,Berlin,14,2.0
33451751,Brandenburg,14,2.0
33451752,Brandenburg,14,2.0
33465504,Brandenburg,14,2.0
33465505,Brandenburg,14,2.0
33471550,Brandenburg,14,2.0
34471523,Brandenburg,14,2.0
34471545,Brandenburg,14,2.0
34471563,Brandenburg,14,2.0
35459841,Brandenburg,14,2.0
35459842,Brandenburg,14,2.0
35459843,Brandenburg,14,2.0
35459952,Brandenburg,14,2.0
35459953,Brandenburg,14,2.0
36451317,Brandenburg,14,2.0
36451328,Brandenburg,14,2.0
36451329,Brandenburg,14,2.0
36451351,Brandenburg,14,2.0
36451352,Brandenburg,14,2.0
36459821,Brandenburg,14,2.0
36459822,Brandenburg,14,2.0
36459823,Brandenburg,14,2.0
36459946,Brandenburg,14,2.0
36461150,Brandenburg,14,2.0
36461325,Brandenburg,14,2.0
36461326,Brandenburg,14,2.0
36461327,Brandenburg,14,2.0
36461392,Brandenburg,14,2.0
36461393,Brandenburg,14,2.0
36465000,Brandenburg,14,2.0
36465001,Brandenburg,14,2.0
36471633,Brandenburg,14,2.0
36471635,Brandenburg,14,2.0
36471636,Brandenburg,14,2.0
27501027,Brandenburg,15,2.0
27501028,Brandenburg,15,2.0
27511009,Brandenburg,15,2.0
27511011,Brandenburg,15,2.0
27519033,Brandenburg,15,2.0
27521005,Brandenburg,15,2.0
27521006,Brandenburg,15,2.0
27521086,Brandenburg,15,2.0
28500652,Brandenburg,15,2.0
28501101,Brandenburg,15,2.0
28501105,Brandenburg,15,2.0
28501107,Brandenburg,15,2.0
28511201,Brandenburg,15,2.0
28511204,Brandenburg,15,2.0
28511207,Brandenburg,15,2.0
28511210,Brandenburg,15,2.0
28511229,Brandenburg,15,2.0
28511230,Brandenburg,15,2.0
28511231,Brandenburg,15,2.0
28519035,Brandenburg,15,2.0
28521235,Brandenburg,15,2.0
29490617,Brandenburg,15,2.0
29490632,Brandenburg,15,2.0
29490633,Brandenburg,15,2.0
29490634,Brandenburg,15,2.0
29491338,Brandenburg,15,2.0
29501404,Brandenburg,15,2.0
29501405,Brandenburg,15,2.0
29510149,Brandenburg,15,2.0
29510657,Brandenburg,15,2.0
29510999,Brandenburg,15,2.0
29519002,Brandenburg,15,2.0
29519012,Brandenburg,15,2.0
29519013,Brandenburg,15,2.0
29519023,Brandenburg,15,2.0
29519024,Brandenburg,15,2.0
29519026,Brandenburg,15,2.0
29519029,Brandenburg,15,2.0
29519030,Brandenburg,15,2.0
29519040,Brandenburg,15,2.0
29519045,Brandenburg,15,2.0
29519047,Brandenburg,15,2.0
30491504,Brandenburg,15,2.0
30491513,Brandenburg,15,2.0
30491514,Brandenburg,15,2.0
30509090,Brandenburg,15,2.0
30509092,Brandenburg,15,2.0
39549051,Brandenburg,16,2.0
39549052,Brandenburg,16,2.0
40536001,Brandenburg,16,2.0
40546008,Brandenburg,16,2.0
40546013,Brandenburg,16,2.0
40546040,Brandenburg,16,2.0
40546052,Brandenburg,16,2.0
41535001,Brandenburg,16,2.0
42520102,Brandenburg,16,2.0
42530367,Brandenburg,16,2.0
42530371,Brandenburg,16,2.0
42530373,Brandenburg,16,2.0
42530374,Brandenburg,16,2.0
42536002,Brandenburg,16,2.0
42536003,Brandenburg,16,2.0
42539000,Brandenburg,16,2.0
43530115,Brandenburg,16,2.0
43536005,Brandenburg,16,2.0
43536006,Brandenburg,16,2.0
43536007,Brandenburg,16,2.0
43540122,Brandenburg,16,2.0
43540124,Brandenburg,16,2.0
43540350,Brandenburg,16,2.0
43540415,Brandenburg,16,2.0
44546013,Brandenburg,16,2.0
26381003,Brandenburg,17,5.0
26390030,Brandenburg,17,5.0
26390032,Brandenburg,17,5.0
26390040,Brandenburg,17,5.0
27400050,Brandenburg,17,5.0
27400058,Brandenburg,17,5.0
27400059,Brandenburg,17,5.0
27400110,Brandenburg,17,5.0
27400243,Brandenburg,17,5.0
27400244,Brandenburg,17,5.0
27410202,Brandenburg,17,5.0
27410232,Brandenburg,17,5.0
27410250,Brandenburg,17,5.0
28390112,Brandenburg,17,5.0
28390113,Brandenburg,17,5.0
28390114,Brandenburg,17,5.0
28390115,Brandenburg,17,5.0
28390120,Brandenburg,17,5.0
28390121,Brandenburg,17,5.0
28390123,Brandenburg,17,5.0
28390125,Brandenburg,17,5.0
28400205,Brandenburg,17,5.0
28400223,Brandenburg,17,5.0
28401031,Brandenburg,17,5.0
28401170,Brandenburg,17,5.0
28401184,Brandenburg,17,5.0
28401185,Brandenburg,17,5.0
28410213,Brandenburg,17,5.0
28410218,Brandenburg,17,5.0
28410220,Brandenburg,17,5.0
28410225,Brandenburg,17,5.0
28410228,Brandenburg,17,5.0
28438014,Brandenburg,17,5.0
29391202,Brandenburg,17,5.0
29391203,Brandenburg,17,5.0
29400520,Brandenburg,17,5.0
29410630,Brandenburg,17,5.0
3354.0,Berlin,18,5.0
5042.0,Berlin,18,5.0
17303.0,Berlin,18,5.0
17304.0,Berlin,18,5.0
32482083,Brandenburg,18,5.0
33480246,Brandenburg,18,5.0
33481557,Brandenburg,18,5.0
33482200,Brandenburg,18,5.0
33485041,Brandenburg,18,5.0
33502260,Brandenburg,18,5.0
34480880,Brandenburg,18,5.0
34480962,Brandenburg,18,5.0
34480965,Brandenburg,18,5.0
34481534,Brandenburg,18,5.0
34481535,Brandenburg,18,5.0
34481536,Brandenburg,18,5.0
34481540,Brandenburg,18,5.0
34491539,Brandenburg,18,5.0
34491544,Brandenburg,18,5.0
34491548,Brandenburg,18,5.0
34502401,Brandenburg,18,5.0
34502540,Brandenburg,18,5.0
34505031,Brandenburg,18,5.0
35480931,Brandenburg,18,5.0
35480939,Brandenburg,18,5.0
35481611,Brandenburg,18,5.0
35481952,Brandenburg,18,5.0
35490240,Brandenburg,18,5.0
35490289,Brandenburg,18,5.0
35501621,Brandenburg,18,5.0
35501662,Brandenburg,18,5.0
35501665,Brandenburg,18,5.0
36490281,Brandenburg,18,5.0
36500580,Brandenburg,18,5.0
36501657,Brandenburg,18,5.0
36501661,Brandenburg,18,5.0
36505189,Brandenburg,18,5.0
36511628,Brandenburg,18,5.0
42453535,Brandenburg,19,5.0
42456032,Brandenburg,19,5.0
42458092,Brandenburg,19,5.0
43446000,Brandenburg,19,5.0
43453538,Brandenburg,19,5.0
43453716,Brandenburg,19,5.0
43453718,Brandenburg,19,5.0
43453723,Brandenburg,19,5.0
43453728,Brandenburg,19,5.0
44456001,Brandenburg,19,5.0
44456210,Brandenburg,19,5.0
44458095,Brandenburg,19,5.0
44458099,Brandenburg,19,5.0
45453266,Brandenburg,19,5.0
45455003,Brandenburg,19,5.0
45455004,Brandenburg,19,5.0
45456201,Brandenburg,19,5.0
45466812,Brandenburg,19,5.0
38500184,Brandenburg,20,4.0
38501732,Brandenburg,20,4.0
38501759,Brandenburg,20,4.0
38505045,Brandenburg,20,4.0
38510161,Brandenburg,20,4.0
38511789,Brandenburg,20,4.0
38515029,Brandenburg,20,4.0
38515039,Brandenburg,20,4.0
38515044,Brandenburg,20,4.0
39506010,Brandenburg,20,4.0
39511751,Brandenburg,20,4.0
39511820,Brandenburg,20,4.0
39511821,Brandenburg,20,4.0
39511822,Brandenburg,20,4.0
39515055,Brandenburg,20,4.0
39521830,Brandenburg,20,4.0
39521831,Brandenburg,20,4.0
39525002,Brandenburg,20,4.0
39525003,Brandenburg,20,4.0
39532920,Brandenburg,20,4.0
39536005,Brandenburg,20,4.0
40500136,Brandenburg,20,4.0
40506352,Brandenburg,20,4.0
40510023,Brandenburg,20,4.0
40510864,Brandenburg,20,4.0
40510905,Brandenburg,20,4.0
40515016,Brandenburg,20,4.0
40520981,Brandenburg,20,4.0
40530121C,Brandenburg,20,4.0
40536003,Brandenburg,20,4.0
40536006,Brandenburg,20,4.0
40536007,Brandenburg,20,4.0
40536008,Brandenburg,20,4.0
41500669,Brandenburg,20,4.0
41500774,Brandenburg,20,4.0
41506065,Brandenburg,20,4.0
41510032,Brandenburg,20,4.0
41510105,Brandenburg,20,4.0
41510109,Brandenburg,20,4.0
41510121,Brandenburg,20,4.0
41510612,Brandenburg,20,4.0
41510847,Brandenburg,20,4.0
41516010,Brandenburg,20,4.0
41516011,Brandenburg,20,4.0
41516013,Brandenburg,20,4.0
41526051,Brandenburg,20,4.0
41526058,Brandenburg,20,4.0
41526059,Brandenburg,20,4.0
41526060,Brandenburg,20,4.0
41526807,Brandenburg,20,4.0
42505000,Brandenburg,20,4.0
42505001,Brandenburg,20,4.0
42510456,Brandenburg,20,4.0
42516181,Brandenburg,20,4.0
42516182,Brandenburg,20,4.0
42517005,Brandenburg,20,4.0
42519004,Brandenburg,20,4.0
42519042,Brandenburg,20,4.0
42519067,Brandenburg,20,4.0
42519181,Brandenburg,20,4.0
42519200,Brandenburg,20,4.0
42526006,Brandenburg,20,4.0
42529055,Brandenburg,20,4.0
42529060,Brandenburg,20,4.0
42529117,Brandenburg,20,4.0
42529118,Brandenburg,20,4.0
42529154,Brandenburg,20,4.0
38413430,Brandenburg,21,4.0
38413470,Brandenburg,21,4.0
38413471,Brandenburg,21,4.0
38413472,Brandenburg,21,4.0
38413490,Brandenburg,21,4.0
38421562,Brandenburg,21,4.0
38423150,Brandenburg,21,4.0
39413095,Brandenburg,21,4.0
39423102,Brandenburg,21,4.0
39423103,Brandenburg,21,4.0
39423122,Brandenburg,21,4.0
39431425,Brandenburg,21,4.0
40431025,Brandenburg,21,4.0
40441015,Brandenburg,21,4.0
40441020,Brandenburg,21,4.0
41446012,Brandenburg,21,4.0
25510027,Brandenburg,22,4.0
26471097,Brandenburg,22,4.0
26471099,Brandenburg,22,4.0
26480022,Brandenburg,22,4.0
26481051,Brandenburg,22,4.0
26481052,Brandenburg,22,4.0
26486016,Brandenburg,22,4.0
26490030,Brandenburg,22,4.0
26490031,Brandenburg,22,4.0
26491067,Brandenburg,22,4.0
26491068,Brandenburg,22,4.0
26500002,Brandenburg,22,4.0
26501081,Brandenburg,22,4.0
26510037,Brandenburg,22,4.0
27485004,Brandenburg,22,4.0
27505013,Brandenburg,22,4.0
28481093,Brandenburg,22,4.0
29499503,Brandenburg,22,4.0
28330005,Brandenburg,23,3.0
28340010,Brandenburg,23,3.0
28340011,Brandenburg,23,3.0
29341721,Brandenburg,23,3.0
29341722,Brandenburg,23,3.0
42510399,Brandenburg,24,1.0
42517003,Brandenburg,24,1.0
42519071,Brandenburg,24,1.0
42519198,Brandenburg,24,1.0
43501596,Brandenburg,24,1.0
43506001,Brandenburg,24,1.0
43516003,Brandenburg,24,1.0
43520071,Brandenburg,24,1.0
43520083,Brandenburg,24,1.0
43520088,Brandenburg,24,1.0
43520089,Brandenburg,24,1.0
43520888,Brandenburg,24,1.0
43526000,Brandenburg,24,1.0
43526210,Brandenburg,24,1.0
43527253,Brandenburg,24,1.0
43529039,Brandenburg,24,1.0
43537300,Brandenburg,24,1.0
44526005,Brandenburg,24,1.0
44526143,Brandenburg,24,1.0
44546011,Brandenburg,24,1.0
45496170,Brandenburg,24,1.0
45496172,Brandenburg,24,1.0
45496241,Brandenburg,24,1.0
45496242,Brandenburg,24,1.0
45503120,Brandenburg,24,1.0
